Product Name,Price
Viboton S1 2.4G Mini Wireless Keyboard / Fly Mouse / Remote Control / Touchpad Built-in Lithium Battery Support English Russian for Android iOS,878
Adesso AKB-132UB Desktop Multimedia USB keyboard ( Black),911
2.4G USB Numeric Keypad Wireless Number Pad 18 Keys Mini Digital Keyboard for iMac/MacBook Air/Pro Laptop PC Notebook Desktop,1120
H18 2.4Ghz Mini Wireless USB Keyboard and Mouse with 5.5 Inch Full Screen Touchpad Rechargeable Keyboard Remote,1121
ZGB G21 104 Keys USB Wired Mechanical Colorful Backlight Office Computer Keyboard Gaming Keyboard,1261
ZGB G21 104 Keys USB Wired Mechanical Colorful Backlight Office Computer Keyboard Gaming Keyboard,1261
GAMDIAS GKC100 Gaming Keyboard and mouse combo,1284
CORN Black & Blue Multimedia Gaming Keyboard & Mouse With USB RF 2.4GHz Wireless HTPC| Anti-Ghosting Feature| Water-Proof Design| Mute Effect and Mechanical Feel Design| Fully Compatible,1342
ZGB G20 104 Keys USB Wired Mechanical RGB Backlight Computer Keyboard Gaming Keyboard,1360
ZGB G20 104 Keys USB Wired Mechanical RGB Backlight Computer Keyboard Gaming Keyboard,1360
M-200 3 Colors Backlight Wired Gaming Keyboard Fire Cracks USB Powered for Gamers,1371
CORN Wired Multimedia Mechanical Feeling Professional Gaming Keyboard and Mouse Combo Multi-color LED Suspension Keys - Black,1393
ZGB G700 104 Keys USB Wired Mechanical Feel RGB Backlight Metal Panel Suspension Gaming Keyboard with Phone Holder,1476
ZGB G700 104 Keys USB Wired Mechanical Feel RGB Backlight Metal Panel Suspension Gaming Keyboard with Phone Holder,1476
ZGB G21 1600 DPI Professional Wired Colorful Backlight Mechanical Feel Suspension Keyboard + Optical Mouse Kit for Laptop| PC,1524
ZGB G21 1600 DPI Professional Wired Colorful Backlight Mechanical Feel Suspension Keyboard + Optical Mouse Kit for Laptop| PC,1524
Professional Gaming Keyboard USB Wired Keyboard Mechanical Keyboards for Computer Gamer Backlight Keyboard HK-M200,1593
Adesso Fancy Typewriter Mechanical Usb Keyboard| Retro Elegant Design With Adjus,1675
Motospeed K40 Waterproof 104 Keys USB Wired Backlit Mechanical Feel Gaming Keyboard Gaming Game Keyboard Compatible with PC Desktop USB Keyboard Computer Keyboard for Win 7/8/XP/2000/ vista / MAC OS X,1714
Motospeed K40 Waterproof 104 Keys USB Wired Backlit Mechanical Feel Gaming Keyboard Gaming Game Keyboard Compatible with PC Desktop USB Keyboard Computer Keyboard for Win 7/8/XP/2000/ vista / MAC OS X,1714
ZGB G20 1600 DPI Professional Wired RGB Backlight Mechanical Feel Suspension Keyboard + Optical Mouse Kit for Laptop| PC,1728
ZGB G20 1600 DPI Professional Wired RGB Backlight Mechanical Feel Suspension Keyboard + Optical Mouse Kit for Laptop| PC,1728
Devastator II LED Gaming Keyboard and Mouse Combo Bundle with Blue LED Edition by Cooler Master,1901
Devastator II  LED Gaming Keyboard and Mouse Combo Bundle with Red LED Edition by Cooler Master,1901
Thermaltake Tt eSports Commander Gaming Keyboard and Mouse,1915
AULA SI2013 Sapphire Spectrum Edition Wired Mechanical Blue Switch Gaming Keyboard with Backlighting,1926
Mechanical Numeric Keypad Number Pad Numpad 22-key Number Pad with USB Wired,1935
Adesso AKB-120EB SlimTouch 3 RGB colors illuminated compact size USB keyboard with multimedia hot keys| 2X large print keycap,1935
Adesso AKB-135EB EasyTouch 3 RGB colors illuminated Gaming USB keyboard with multimedia hot keys| illmuinated control key| spill resistant,1956
ZGB G300 104 Keys USB Wired Mechanical Feel Colorful Backlight Metal Brushed Suspension Office Computer Keyboard Gaming Keyboard,2143
Tt eSPORTS Commander Gaming Gear Combo (Red Light) - USB Cable Keyboard - Black - USB Cable Mouse - Optical - 2400 dpi - 6 Button - Scroll Wheel - QWERTY - Black - Symmetrical - Compatible w/ Computer,2273
MSI Keyboard Interceptor DS4200 Standard Gaming Keyboard (Retail),2276
Cougar Keyboard VANTAR Gaming Keyboard Scissor 8 Color Lighting ,2279
AULA 104-key Professional USB Wired Gaming Mechanical Keyboard with Colorful Backlight,2327
E - 3LUE K753 Mechanical Keyboard with Mixed Light,2352
Mechanical Gaming Keyboard| ESTONE 87 Keys Black Switch USB Wired Gaming Keyboard with LED Mix-light Anti-ghosting Blacklit for Gamer Tablet Desktop Computer (87 Keys|Blue Switch|Black),2413
